Game_ID,Turn_Number,Timestamp,Player_ID,Action_Chosen,Player_Level,Player_Rating,Environment,Weather,Used_Special_Move,Player_HP_After,Opponent_HP_After,Player_Stamina_After,Action_Effectiveness,Damage_Taken,Is_Critical_Turn,First_Player,Is_Win,Winner_ID,Total_Turns
9200000001,1,2025-05-21T16:10:40.320376,P1,attack,10,1834,forest,clear,True,100,85,90,15,15,False,P1,False,P2,16
9200000001,2,2025-05-21T16:10:45.320376,P2,attack,9,1423,desert,foggy,False,85,93,90,7,7,False,P1,True,P2,16
9200000001,3,2025-05-21T16:10:50.320376,P1,attack,7,1454,castle,clear,True,93,68,80,17,17,False,P1,False,P2,16
9200000001,4,2025-05-21T16:10:55.320376,P2,attack,6,1859,castle,stormy,True,68,81,80,12,12,False,P1,True,P2,16
9200000001,5,2025-05-21T16:11:00.320376,P1,heal,10,1565,desert,stormy,False,87,68,65,6,0,False,P1,False,P2,16
9200000001,6,2025-05-21T16:11:05.320376,P2,heal,1,1197,castle,rainy,False,78,87,65,10,0,False,P1,True,P2,16
9200000001,7,2025-05-21T16:11:10.320376,P1,heal,6,1320,volcano,clear,False,94,78,50,7,0,False,P1,False,P2,16
9200000001,8,2025-05-21T16:11:15.320376,P2,defend,4,1493,desert,rainy,False,78,94,70,0,0,False,P1,True,P2,16
9200000001,9,2025-05-21T16:11:20.320376,P1,defend,4,1555,desert,rainy,True,94,78,55,0,0,False,P1,False,P2,16
9200000001,10,2025-05-21T16:11:25.320376,P2,heal,4,1345,castle,rainy,True,84,94,55,6,0,False,P1,True,P2,16
9200000001,11,2025-05-21T16:11:30.320376,P1,heal,3,1245,castle,stormy,True,100,84,40,15,0,False,P1,False,P2,16
9200000001,12,2025-05-21T16:11:35.320376,P2,heal,8,1638,castle,stormy,False,89,100,40,5,0,False,P1,True,P2,16
9200000001,13,2025-05-21T16:11:40.320376,P1,heal,8,1846,volcano,rainy,False,100,89,25,11,0,False,P1,False,P2,16
9200000001,14,2025-05-21T16:11:45.320376,P2,heal,1,1569,volcano,stormy,False,98,100,25,9,0,False,P1,True,P2,16
9200000001,15,2025-05-21T16:11:50.320376,P1,attack,7,1100,volcano,rainy,False,100,86,15,12,12,False,P1,False,P2,16
9200000001,16,2025-05-21T16:11:55.320376,P2,defend,3,1334,volcano,foggy,True,86,100,30,0,0,False,P1,True,P2,16
9200000002,1,2025-05-21T16:10:40.320574,P2,attack,7,1894,volcano,rainy,True,100,86,90,14,14,False,P2,False,P1,12
9200000002,2,2025-05-21T16:10:45.320574,P1,heal,3,1709,forest,rainy,True,97,100,85,11,0,False,P2,True,P1,12
9200000002,3,2025-05-21T16:10:50.320574,P2,attack,6,1333,desert,rainy,False,100,77,80,20,20,False,P2,False,P1,12
9200000002,4,2025-05-21T16:10:55.320574,P1,heal,9,1354,volcano,stormy,False,85,100,70,8,0,False,P2,True,P1,12
9200000002,5,2025-05-21T16:11:00.320574,P2,defend,6,1570,desert,foggy,False,100,85,85,0,0,False,P2,False,P1,12
9200000002,6,2025-05-21T16:11:05.320574,P1,heal,6,1657,castle,foggy,True,90,100,55,5,0,False,P2,True,P1,12
9200000002,7,2025-05-21T16:11:10.320574,P2,defend,6,1153,volcano,clear,False,100,90,90,0,0,False,P2,False,P1,12
9200000002,8,2025-05-21T16:11:15.320574,P1,heal,10,1045,castle,rainy,True,99,100,40,9,0,False,P2,True,P1,12
9200000002,9,2025-05-21T16:11:20.320574,P2,defend,5,1918,forest,stormy,True,100,99,95,0,0,False,P2,False,P1,12
9200000002,10,2025-05-21T16:11:25.320574,P1,defend,10,1441,desert,rainy,False,99,100,45,0,0,False,P2,True,P1,12
9200000002,11,2025-05-21T16:11:30.320574,P2,attack,10,1810,castle,clear,True,100,82,85,17,17,False,P2,False,P1,12
9200000002,12,2025-05-21T16:11:35.320574,P1,defend,6,1322,volcano,rainy,False,82,100,50,0,0,False,P2,True,P1,12
9200000003,1,2025-05-21T16:10:40.320694,P1,heal,10,1541,castle,rainy,True,100,100,85,5,0,False,P1,False,P2,17
9200000003,2,2025-05-21T16:10:45.320694,P2,attack,8,1545,volcano,stormy,True,100,80,90,20,20,False,P1,True,P2,17
9200000003,3,2025-05-21T16:10:50.320694,P1,heal,9,1813,forest,rainy,False,92,100,70,12,0,False,P1,False,P2,17
9200000003,4,2025-05-21T16:10:55.320694,P2,defend,6,1041,volcano,foggy,True,100,92,95,0,0,False,P1,True,P2,17
9200000003,5,2025-05-21T16:11:00.320694,P1,attack,4,1647,forest,rainy,True,92,85,60,15,15,False,P1,False,P2,17
9200000003,6,2025-05-21T16:11:05.320694,P2,heal,10,1762,forest,stormy,False,95,92,80,10,0,False,P1,True,P2,17
9200000003,7,2025-05-21T16:11:10.320694,P1,defend,6,1008,desert,clear,False,92,95,65,0,0,False,P1,False,P2,17
9200000003,8,2025-05-21T16:11:15.320694,P2,heal,8,1572,forest,clear,False,100,92,65,15,0,False,P1,True,P2,17
9200000003,9,2025-05-21T16:11:20.320694,P1,attack,10,1977,desert,stormy,True,92,85,55,15,15,False,P1,False,P2,17
9200000003,10,2025-05-21T16:11:25.320694,P2,heal,1,1670,desert,rainy,True,92,92,50,7,0,False,P1,True,P2,17
9200000003,11,2025-05-21T16:11:30.320694,P1,attack,10,1222,castle,rainy,False,92,84,45,8,8,False,P1,False,P2,17
9200000003,12,2025-05-21T16:11:35.320694,P2,attack,4,1855,volcano,stormy,False,84,78,40,14,14,False,P1,True,P2,17
9200000003,13,2025-05-21T16:11:40.320694,P1,heal,5,1647,desert,rainy,False,83,84,30,5,0,False,P1,False,P2,17
9200000003,14,2025-05-21T16:11:45.320694,P2,defend,4,1585,volcano,rainy,False,84,83,45,0,0,False,P1,True,P2,17
9200000003,15,2025-05-21T16:11:50.320694,P1,attack,9,1634,castle,rainy,False,83,68,20,16,16,False,P1,False,P2,17
9200000003,16,2025-05-21T16:11:55.320694,P2,attack,2,1240,forest,foggy,False,68,68,35,15,15,False,P1,True,P2,17
9200000003,17,2025-05-21T16:12:00.320694,P1,attack,2,1412,volcano,stormy,False,68,57,10,11,11,False,P1,False,P2,17
9200000004,1,2025-05-21T16:10:40.320897,P2,attack,9,1637,desert,foggy,True,100,83,90,17,17,False,P2,True,P2,15
9200000004,2,2025-05-21T16:10:45.320897,P1,heal,4,1252,forest,stormy,False,95,100,85,12,0,False,P2,False,P2,15
9200000004,3,2025-05-21T16:10:50.320897,P2,heal,7,1208,desert,rainy,True,100,95,75,13,0,False,P2,True,P2,15
9200000004,4,2025-05-21T16:10:55.320897,P1,heal,6,1131,castle,clear,False,100,100,70,12,0,False,P2,False,P2,15
9200000004,5,2025-05-21T16:11:00.320897,P2,heal,4,1474,volcano,foggy,True,100,100,60,14,0,False,P2,True,P2,15
9200000004,6,2025-05-21T16:11:05.320897,P1,attack,9,1659,forest,rainy,True,100,94,60,6,6,False,P2,False,P2,15
9200000004,7,2025-05-21T16:11:10.320897,P2,defend,3,1664,forest,rainy,False,94,100,65,0,0,False,P2,True,P2,15
9200000004,8,2025-05-21T16:11:15.320897,P1,attack,3,1944,forest,stormy,False,100,87,50,7,7,False,P2,False,P2,15
9200000004,9,2025-05-21T16:11:20.320897,P2,heal,3,1641,desert,clear,True,96,100,50,9,0,False,P2,True,P2,15
9200000004,10,2025-05-21T16:11:25.320897,P1,heal,2,1514,castle,foggy,False,100,96,35,11,0,False,P2,False,P2,15
9200000004,11,2025-05-21T16:11:30.320897,P2,heal,4,1328,volcano,stormy,True,100,100,35,14,0,False,P2,True,P2,15
9200000004,12,2025-05-21T16:11:35.320897,P1,heal,7,1500,desert,stormy,False,100,100,20,12,0,False,P2,False,P2,15
9200000004,13,2025-05-21T16:11:40.320897,P2,attack,6,1366,desert,rainy,True,100,85,25,15,15,False,P2,True,P2,15
9200000004,14,2025-05-21T16:11:45.320897,P1,defend,6,1258,volcano,rainy,True,85,100,25,0,0,False,P2,False,P2,15
9200000004,15,2025-05-21T16:11:50.320897,P2,attack,6,1302,forest,clear,False,100,73,15,12,12,False,P2,True,P2,15
9200000005,1,2025-05-21T16:10:40.321095,P2,heal,1,1825,forest,rainy,True,100,100,85,5,0,False,P2,False,P1,14
9200000005,2,2025-05-21T16:10:45.321095,P1,attack,5,1660,volcano,stormy,True,100,83,90,17,17,False,P2,True,P1,14
9200000005,3,2025-05-21T16:10:50.321095,P2,defend,1,1399,castle,foggy,False,83,100,90,0,0,False,P2,False,P1,14
9200000005,4,2025-05-21T16:10:55.321095,P1,defend,2,1261,forest,foggy,True,100,83,95,0,0,False,P2,True,P1,14
9200000005,5,2025-05-21T16:11:00.321095,P2,attack,9,1421,volcano,clear,False,83,85,80,15,15,False,P2,False,P1,14
9200000005,6,2025-05-21T16:11:05.321095,P1,defend,4,1179,castle,stormy,True,85,83,100,0,0,False,P2,True,P1,14
9200000005,7,2025-05-21T16:11:10.321095,P2,defend,2,1367,castle,foggy,True,83,85,85,0,0,False,P2,False,P1,14
9200000005,8,2025-05-21T16:11:15.321095,P1,heal,8,1253,forest,rainy,True,99,83,85,14,0,False,P2,True,P1,14
9200000005,9,2025-05-21T16:11:20.321095,P2,heal,9,1751,desert,rainy,False,93,99,70,10,0,False,P2,False,P1,14
9200000005,10,2025-05-21T16:11:25.321095,P1,defend,5,1065,castle,clear,False,99,93,90,0,0,False,P2,True,P1,14
9200000005,11,2025-05-21T16:11:30.321095,P2,attack,9,1694,volcano,stormy,False,93,94,60,5,5,False,P2,False,P1,14
9200000005,12,2025-05-21T16:11:35.321095,P1,defend,1,1813,castle,clear,True,94,93,95,0,0,False,P2,True,P1,14
9200000005,13,2025-05-21T16:11:40.321095,P2,attack,1,1004,castle,clear,True,93,83,50,11,11,False,P2,False,P1,14
9200000005,14,2025-05-21T16:11:45.321095,P1,defend,6,1500,desert,rainy,True,83,93,100,0,0,False,P2,True,P1,14
9200000006,1,2025-05-21T16:10:40.321220,P2,heal,8,1064,desert,stormy,True,100,100,85,14,0,False,P2,True,P2,12
9200000006,2,2025-05-21T16:10:45.321220,P1,defend,8,1021,forest,foggy,False,100,100,100,0,0,False,P2,False,P2,12
9200000006,3,2025-05-21T16:10:50.321220,P2,defend,1,1435,forest,clear,True,100,100,90,0,0,False,P2,True,P2,12
9200000006,4,2025-05-21T16:10:55.321220,P1,attack,7,1430,volcano,foggy,False,100,88,90,12,12,False,P2,False,P2,12
9200000006,5,2025-05-21T16:11:00.321220,P2,defend,1,1305,desert,clear,True,88,100,95,0,0,False,P2,True,P2,12
9200000006,6,2025-05-21T16:11:05.321220,P1,attack,4,1008,desert,stormy,True,100,81,80,7,7,False,P2,False,P2,12
9200000006,7,2025-05-21T16:11:10.321220,P2,defend,7,1161,forest,clear,True,81,100,100,0,0,False,P2,True,P2,12
9200000006,8,2025-05-21T16:11:15.321220,P1,defend,9,1127,volcano,rainy,True,100,81,85,0,0,False,P2,False,P2,12
9200000006,9,2025-05-21T16:11:20.321220,P2,heal,5,1788,desert,stormy,True,90,100,85,9,0,False,P2,True,P2,12
9200000006,10,2025-05-21T16:11:25.321220,P1,defend,1,1736,castle,stormy,True,100,90,90,0,0,False,P2,False,P2,12
9200000006,11,2025-05-21T16:11:30.321220,P2,attack,10,1880,volcano,stormy,True,90,84,75,16,16,False,P2,True,P2,12
9200000006,12,2025-05-21T16:11:35.321220,P1,attack,7,1004,volcano,stormy,True,84,85,80,5,5,False,P2,False,P2,12
9200000007,1,2025-05-21T16:10:40.321359,P1,defend,6,1808,desert,foggy,True,100,100,100,0,0,False,P1,True,P1,15
9200000007,2,2025-05-21T16:10:45.321359,P2,attack,6,1300,forest,stormy,True,100,86,90,14,14,False,P1,False,P1,15
9200000007,3,2025-05-21T16:10:50.321359,P1,heal,3,1703,volcano,rainy,False,100,100,85,14,0,False,P1,True,P1,15
9200000007,4,2025-05-21T16:10:55.321359,P2,attack,6,1697,forest,clear,False,100,92,80,8,8,False,P1,False,P1,15
9200000007,5,2025-05-21T16:11:00.321359,P1,heal,2,1850,forest,stormy,True,98,100,70,6,0,False,P1,True,P1,15
9200000007,6,2025-05-21T16:11:05.321359,P2,attack,1,1640,castle,foggy,True,100,88,70,10,10,False,P1,False,P1,15
9200000007,7,2025-05-21T16:11:10.321359,P1,attack,5,1634,forest,rainy,True,88,89,60,11,11,False,P1,True,P1,15
9200000007,8,2025-05-21T16:11:15.321359,P2,heal,2,1977,desert,stormy,False,97,88,55,8,0,False,P1,False,P1,15
9200000007,9,2025-05-21T16:11:20.321359,P1,defend,7,1828,desert,foggy,True,88,97,65,0,0,False,P1,True,P1,15
9200000007,10,2025-05-21T16:11:25.321359,P2,attack,5,1826,desert,rainy,False,97,69,45,19,19,False,P1,False,P1,15
9200000007,11,2025-05-21T16:11:30.321359,P1,heal,3,1990,castle,rainy,True,82,97,50,13,0,False,P1,True,P1,15
9200000007,12,2025-05-21T16:11:35.321359,P2,attack,4,1921,forest,foggy,False,97,69,35,13,13,False,P1,False,P1,15
9200000007,13,2025-05-21T16:11:40.321359,P1,heal,3,1381,castle,foggy,False,77,97,35,8,0,False,P1,True,P1,15
9200000007,14,2025-05-21T16:11:45.321359,P2,heal,6,1007,volcano,foggy,False,100,77,20,7,0,False,P1,False,P1,15
9200000007,15,2025-05-21T16:11:50.321359,P1,attack,4,1978,castle,foggy,False,77,88,25,12,12,False,P1,True,P1,15
9200000008,1,2025-05-21T16:10:40.321513,P1,attack,4,1495,volcano,foggy,True,100,91,90,9,9,False,P1,True,P1,17
9200000008,2,2025-05-21T16:10:45.321513,P2,defend,9,1227,forest,foggy,True,91,100,100,0,0,False,P1,False,P1,17
9200000008,3,2025-05-21T16:10:50.321513,P1,defend,1,1556,volcano,foggy,False,100,91,95,0,0,False,P1,True,P1,17
9200000008,4,2025-05-21T16:10:55.321513,P2,attack,8,1317,forest,clear,True,91,80,90,20,20,False,P1,False,P1,17
9200000008,5,2025-05-21T16:11:00.321513,P1,heal,5,1840,castle,rainy,False,93,91,80,13,0,False,P1,True,P1,17
9200000008,6,2025-05-21T16:11:05.321513,P2,defend,1,1816,forest,stormy,True,91,93,95,0,0,False,P1,False,P1,17
9200000008,7,2025-05-21T16:11:10.321513,P1,defend,10,1002,castle,stormy,True,93,91,85,0,0,False,P1,True,P1,17
9200000008,8,2025-05-21T16:11:15.321513,P2,attack,4,1201,volcano,clear,False,91,81,85,12,12,False,P1,False,P1,17
9200000008,9,2025-05-21T16:11:20.321513,P1,heal,2,1591,desert,clear,True,96,91,70,15,0,False,P1,True,P1,17
9200000008,10,2025-05-21T16:11:25.321513,P2,heal,3,1237,desert,rainy,False,96,96,70,5,0,False,P1,False,P1,17
9200000008,11,2025-05-21T16:11:30.321513,P1,defend,2,1866,forest,rainy,True,96,96,75,0,0,False,P1,True,P1,17
9200000008,12,2025-05-21T16:11:35.321513,P2,heal,6,1999,volcano,rainy,False,100,96,55,9,0,False,P1,False,P1,17
9200000008,13,2025-05-21T16:11:40.321513,P1,attack,10,1004,desert,stormy,False,96,83,65,17,17,False,P1,True,P1,17
9200000008,14,2025-05-21T16:11:45.321513,P2,attack,5,1943,forest,clear,False,83,90,45,6,6,False,P1,False,P1,17
9200000008,15,2025-05-21T16:11:50.321513,P1,heal,2,1658,volcano,clear,True,100,83,50,11,0,False,P1,True,P1,17
9200000008,16,2025-05-21T16:11:55.321513,P2,defend,3,1372,desert,clear,True,83,100,50,0,0,False,P1,False,P1,17
9200000008,17,2025-05-21T16:12:00.321513,P1,heal,8,1238,desert,clear,False,100,83,35,7,0,False,P1,True,P1,17
9200000009,1,2025-05-21T16:10:40.321712,P2,heal,3,1083,castle,foggy,False,100,100,85,6,0,False,P2,False,P1,9
9200000009,2,2025-05-21T16:10:45.321712,P1,heal,1,1758,desert,rainy,False,100,100,85,10,0,False,P2,True,P1,9
9200000009,3,2025-05-21T16:10:50.321712,P2,defend,5,1014,forest,clear,False,100,100,90,0,0,False,P2,False,P1,9
9200000009,4,2025-05-21T16:10:55.321712,P1,heal,9,1755,forest,stormy,True,100,100,70,15,0,False,P2,True,P1,9
9200000009,5,2025-05-21T16:11:00.321712,P2,defend,7,1410,castle,rainy,False,100,100,95,0,0,False,P2,False,P1,9
9200000009,6,2025-05-21T16:11:05.321712,P1,heal,2,1863,castle,stormy,False,100,100,55,13,0,False,P2,True,P1,9
9200000009,7,2025-05-21T16:11:10.321712,P2,attack,10,1810,desert,rainy,True,100,80,85,20,20,False,P2,False,P1,9
9200000009,8,2025-05-21T16:11:15.321712,P1,defend,5,1662,castle,stormy,False,80,100,60,0,0,False,P2,True,P1,9
9200000009,9,2025-05-21T16:11:20.321712,P2,defend,3,1707,volcano,foggy,True,100,80,90,0,0,False,P2,False,P1,9
9200000010,1,2025-05-21T16:10:40.322444,P2,defend,6,1383,castle,rainy,False,100,100,100,0,0,False,P2,True,P2,14
9200000010,2,2025-05-21T16:10:45.322444,P1,attack,8,1434,forest,stormy,False,100,84,90,16,16,False,P2,False,P2,14
9200000010,3,2025-05-21T16:10:50.322444,P2,heal,2,1496,volcano,clear,False,94,100,85,10,0,False,P2,True,P2,14
9200000010,4,2025-05-21T16:10:55.322444,P1,attack,3,1628,desert,foggy,False,100,76,80,18,18,False,P2,False,P2,14
9200000010,5,2025-05-21T16:11:00.322444,P2,heal,2,1184,volcano,clear,True,86,100,70,10,0,False,P2,True,P2,14
9200000010,6,2025-05-21T16:11:05.322444,P1,defend,10,1212,volcano,foggy,False,100,86,85,0,0,False,P2,False,P2,14
9200000010,7,2025-05-21T16:11:10.322444,P2,defend,2,1952,volcano,stormy,True,86,100,75,0,0,False,P2,True,P2,14
9200000010,8,2025-05-21T16:11:15.322444,P1,defend,4,1476,forest,foggy,False,100,86,90,0,0,False,P2,False,P2,14
9200000010,9,2025-05-21T16:11:20.322444,P2,heal,7,1011,castle,foggy,True,96,100,60,10,0,False,P2,True,P2,14
9200000010,10,2025-05-21T16:11:25.322444,P1,heal,1,1460,volcano,stormy,False,100,96,75,12,0,False,P2,False,P2,14
9200000010,11,2025-05-21T16:11:30.322444,P2,attack,5,1374,volcano,foggy,False,96,81,50,19,19,False,P2,True,P2,14
9200000010,12,2025-05-21T16:11:35.322444,P1,defend,9,1627,desert,stormy,True,81,96,80,0,0,False,P2,False,P2,14
9200000010,13,2025-05-21T16:11:40.322444,P2,defend,9,1746,volcano,rainy,True,96,81,55,0,0,False,P2,True,P2,14
9200000010,14,2025-05-21T16:11:45.322444,P1,attack,5,1298,volcano,rainy,True,81,81,70,15,15,False,P2,False,P2,14
9200000011,1,2025-05-21T16:10:40.322639,P2,heal,5,1279,desert,clear,True,100,100,85,9,0,False,P2,True,P2,16
9200000011,2,2025-05-21T16:10:45.322639,P1,defend,4,1326,forest,rainy,True,100,100,100,0,0,False,P2,False,P2,16
9200000011,3,2025-05-21T16:10:50.322639,P2,heal,9,1294,forest,stormy,False,100,100,70,13,0,False,P2,True,P2,16
9200000011,4,2025-05-21T16:10:55.322639,P1,defend,5,1105,volcano,rainy,False,100,100,100,0,0,False,P2,False,P2,16
9200000011,5,2025-05-21T16:11:00.322639,P2,defend,4,1221,volcano,foggy,False,100,100,75,0,0,False,P2,True,P2,16
9200000011,6,2025-05-21T16:11:05.322639,P1,heal,5,1556,desert,rainy,False,100,100,85,14,0,False,P2,False,P2,16
9200000011,7,2025-05-21T16:11:10.322639,P2,heal,1,1038,desert,foggy,False,100,100,60,15,0,False,P2,True,P2,16
9200000011,8,2025-05-21T16:11:15.322639,P1,defend,1,1872,castle,clear,True,100,100,90,0,0,False,P2,False,P2,16
9200000011,9,2025-05-21T16:11:20.322639,P2,defend,7,1833,forest,stormy,True,100,100,65,0,0,False,P2,True,P2,16
9200000011,10,2025-05-21T16:11:25.322639,P1,defend,6,1296,volcano,foggy,False,100,100,95,0,0,False,P2,False,P2,16
9200000011,11,2025-05-21T16:11:30.322639,P2,attack,7,1521,volcano,foggy,False,100,85,55,15,15,False,P2,True,P2,16
9200000011,12,2025-05-21T16:11:35.322639,P1,heal,6,1982,castle,rainy,True,94,100,80,9,0,False,P2,False,P2,16
9200000011,13,2025-05-21T16:11:40.322639,P2,defend,1,1100,forest,stormy,True,100,94,60,0,0,False,P2,True,P2,16
9200000011,14,2025-05-21T16:11:45.322639,P1,heal,10,1628,castle,stormy,False,100,100,65,12,0,False,P2,False,P2,16
9200000011,15,2025-05-21T16:11:50.322639,P2,attack,9,1737,desert,stormy,False,100,82,50,18,18,False,P2,True,P2,16
9200000011,16,2025-05-21T16:11:55.322639,P1,defend,5,1154,forest,clear,False,82,100,70,0,0,False,P2,False,P2,16
9200000012,1,2025-05-21T16:10:40.322816,P1,heal,9,1643,forest,foggy,False,100,100,85,9,0,False,P1,True,P1,13
9200000012,2,2025-05-21T16:10:45.322816,P2,heal,7,1081,desert,stormy,False,100,100,85,6,0,False,P1,False,P1,13
9200000012,3,2025-05-21T16:10:50.322816,P1,heal,4,1076,forest,clear,True,100,100,70,11,0,False,P1,True,P1,13
9200000012,4,2025-05-21T16:10:55.322816,P2,heal,5,1517,desert,stormy,False,100,100,70,5,0,False,P1,False,P1,13
9200000012,5,2025-05-21T16:11:00.322816,P1,attack,10,1612,desert,rainy,True,100,86,60,14,14,False,P1,True,P1,13
9200000012,6,2025-05-21T16:11:05.322816,P2,attack,2,1477,volcano,rainy,False,86,95,60,5,5,False,P1,False,P1,13
9200000012,7,2025-05-21T16:11:10.322816,P1,heal,1,1530,castle,foggy,True,100,86,45,8,0,False,P1,True,P1,13
9200000012,8,2025-05-21T16:11:15.322816,P2,attack,4,1536,forest,stormy,True,86,89,50,11,11,False,P1,False,P1,13
9200000012,9,2025-05-21T16:11:20.322816,P1,defend,6,1951,desert,clear,False,89,86,50,0,0,False,P1,True,P1,13
9200000012,10,2025-05-21T16:11:25.322816,P2,heal,5,1604,forest,foggy,False,100,89,35,14,0,False,P1,False,P1,13
9200000012,11,2025-05-21T16:11:30.322816,P1,heal,9,1841,forest,stormy,False,97,100,35,8,0,False,P1,True,P1,13
9200000012,12,2025-05-21T16:11:35.322816,P2,heal,2,1955,forest,stormy,True,100,97,20,8,0,False,P1,False,P1,13
9200000012,13,2025-05-21T16:11:40.322816,P1,heal,6,1969,forest,foggy,True,100,100,20,6,0,False,P1,True,P1,13
9200000013,1,2025-05-21T16:10:40.322962,P1,attack,7,1351,forest,foggy,True,100,91,90,9,9,False,P1,False,P2,14
9200000013,2,2025-05-21T16:10:45.322962,P2,heal,6,1933,castle,rainy,True,97,100,85,6,0,False,P1,True,P2,14
9200000013,3,2025-05-21T16:10:50.322962,P1,attack,3,1471,desert,stormy,True,100,81,80,16,16,False,P1,False,P2,14
9200000013,4,2025-05-21T16:10:55.322962,P2,defend,9,1032,volcano,foggy,False,81,100,90,0,0,False,P1,True,P2,14
9200000013,5,2025-05-21T16:11:00.322962,P1,attack,6,1470,desert,stormy,False,100,63,70,18,18,False,P1,False,P2,14
9200000013,6,2025-05-21T16:11:05.322962,P2,defend,9,1030,desert,rainy,False,63,100,95,0,0,False,P1,True,P2,14
9200000013,7,2025-05-21T16:11:10.322962,P1,heal,10,1985,volcano,foggy,True,100,63,55,14,0,False,P1,False,P2,14
9200000013,8,2025-05-21T16:11:15.322962,P2,heal,5,1166,castle,foggy,False,72,100,80,9,0,False,P1,True,P2,14
9200000013,9,2025-05-21T16:11:20.322962,P1,attack,4,1006,desert,stormy,True,100,64,45,8,8,False,P1,False,P2,14
9200000013,10,2025-05-21T16:11:25.322962,P2,heal,2,1420,forest,stormy,True,71,100,65,7,0,False,P1,True,P2,14
9200000013,11,2025-05-21T16:11:30.322962,P1,defend,8,1781,castle,foggy,False,100,71,50,0,0,False,P1,False,P2,14
9200000013,12,2025-05-21T16:11:35.322962,P2,attack,1,1317,desert,rainy,False,71,81,55,19,19,False,P1,True,P2,14
9200000013,13,2025-05-21T16:11:40.322962,P1,attack,4,1709,forest,stormy,True,81,63,40,8,8,False,P1,False,P2,14
9200000013,14,2025-05-21T16:11:45.322962,P2,defend,4,1856,castle,stormy,False,63,81,60,0,0,False,P1,True,P2,14
9200000014,1,2025-05-21T16:10:40.323252,P1,attack,1,1263,forest,rainy,True,100,82,90,18,18,False,P1,True,P1,10
9200000014,2,2025-05-21T16:10:45.323252,P2,heal,6,1978,forest,rainy,True,88,100,85,6,0,False,P1,False,P1,10
9200000014,3,2025-05-21T16:10:50.323252,P1,heal,3,1548,volcano,clear,False,100,88,75,10,0,False,P1,True,P1,10
9200000014,4,2025-05-21T16:10:55.323252,P2,defend,9,1587,castle,stormy,True,88,100,90,0,0,False,P1,False,P1,10
9200000014,5,2025-05-21T16:11:00.323252,P1,heal,6,1470,volcano,foggy,True,100,88,60,11,0,False,P1,True,P1,10
9200000014,6,2025-05-21T16:11:05.323252,P2,heal,10,1314,forest,rainy,False,100,100,75,15,0,False,P1,False,P1,10
9200000014,7,2025-05-21T16:11:10.323252,P1,heal,2,1765,castle,stormy,False,100,100,45,7,0,False,P1,True,P1,10
9200000014,8,2025-05-21T16:11:15.323252,P2,attack,5,1729,forest,clear,True,100,92,65,8,8,False,P1,False,P1,10
9200000014,9,2025-05-21T16:11:20.323252,P1,attack,10,1989,forest,foggy,True,92,82,35,18,18,False,P1,True,P1,10
9200000014,10,2025-05-21T16:11:25.323252,P2,heal,2,1131,forest,foggy,False,93,92,50,11,0,False,P1,False,P1,10
9200000015,1,2025-05-21T16:10:40.323349,P1,heal,5,1082,forest,clear,True,100,100,85,10,0,False,P1,True,P1,12
9200000015,2,2025-05-21T16:10:45.323349,P2,attack,1,1362,forest,clear,False,100,89,90,11,11,False,P1,False,P1,12
9200000015,3,2025-05-21T16:10:50.323349,P1,heal,3,1705,desert,clear,True,95,100,70,6,0,False,P1,True,P1,12
9200000015,4,2025-05-21T16:10:55.323349,P2,attack,1,1193,desert,rainy,False,100,77,80,18,18,False,P1,False,P1,12
9200000015,5,2025-05-21T16:11:00.323349,P1,attack,2,1510,volcano,stormy,True,77,85,60,15,15,False,P1,True,P1,12
9200000015,6,2025-05-21T16:11:05.323349,P2,attack,6,1740,volcano,clear,False,85,68,70,9,9,False,P1,False,P1,12
9200000015,7,2025-05-21T16:11:10.323349,P1,heal,8,1206,forest,clear,False,75,85,45,7,0,False,P1,True,P1,12
9200000015,8,2025-05-21T16:11:15.323349,P2,heal,9,1362,forest,rainy,False,98,75,55,13,0,False,P1,False,P1,12
9200000015,9,2025-05-21T16:11:20.323349,P1,heal,2,1548,volcano,rainy,False,85,98,30,10,0,False,P1,True,P1,12
9200000015,10,2025-05-21T16:11:25.323349,P2,defend,5,1053,castle,clear,True,98,85,60,0,0,False,P1,False,P1,12
9200000015,11,2025-05-21T16:11:30.323349,P1,attack,6,1951,castle,stormy,True,85,86,20,12,12,False,P1,True,P1,12
9200000015,12,2025-05-21T16:11:35.323349,P2,attack,2,1362,forest,foggy,True,86,76,50,9,9,False,P1,False,P1,12
9200000016,1,2025-05-21T16:10:40.323492,P1,defend,9,1797,desert,foggy,True,100,100,100,0,0,False,P1,False,P2,9
9200000016,2,2025-05-21T16:10:45.323492,P2,heal,8,1936,volcano,clear,False,100,100,85,10,0,False,P1,True,P2,9
9200000016,3,2025-05-21T16:10:50.323492,P1,attack,1,1167,desert,clear,False,100,82,90,18,18,False,P1,False,P2,9
9200000016,4,2025-05-21T16:10:55.323492,P2,defend,7,1243,castle,clear,False,82,100,90,0,0,False,P1,True,P2,9
9200000016,5,2025-05-21T16:11:00.323492,P1,attack,5,1942,desert,rainy,True,100,65,80,17,17,False,P1,False,P2,9
9200000016,6,2025-05-21T16:11:05.323492,P2,heal,10,1345,desert,stormy,True,80,100,75,15,0,False,P1,True,P2,9
9200000016,7,2025-05-21T16:11:10.323492,P1,heal,5,1634,forest,rainy,True,100,80,65,14,0,False,P1,False,P2,9
9200000016,8,2025-05-21T16:11:15.323492,P2,heal,5,1275,forest,clear,False,90,100,60,10,0,False,P1,True,P2,9
9200000016,9,2025-05-21T16:11:20.323492,P1,attack,2,1631,forest,clear,True,100,77,55,13,13,False,P1,False,P2,9
9200000017,1,2025-05-21T16:10:40.323575,P2,heal,4,1662,volcano,foggy,True,100,100,85,13,0,False,P2,True,P2,12
9200000017,2,2025-05-21T16:10:45.323575,P1,attack,3,1677,castle,clear,False,100,85,90,15,15,False,P2,False,P2,12
9200000017,3,2025-05-21T16:10:50.323575,P2,attack,10,1068,forest,clear,True,85,81,75,19,19,False,P2,True,P2,12
9200000017,4,2025-05-21T16:10:55.323575,P1,defend,8,1322,castle,foggy,True,81,85,95,0,0,False,P2,False,P2,12
9200000017,5,2025-05-21T16:11:00.323575,P2,attack,5,1386,desert,stormy,True,85,72,65,9,9,False,P2,True,P2,12
9200000017,6,2025-05-21T16:11:05.323575,P1,attack,10,1621,desert,foggy,True,72,73,85,12,12,False,P2,False,P2,12
9200000017,7,2025-05-21T16:11:10.323575,P2,attack,3,1508,castle,foggy,False,73,56,55,16,16,False,P2,True,P2,12
9200000017,8,2025-05-21T16:11:15.323575,P1,attack,9,1815,castle,clear,False,56,64,75,9,9,False,P2,False,P2,12
9200000017,9,2025-05-21T16:11:20.323575,P2,heal,4,1663,volcano,foggy,False,69,56,40,5,0,False,P2,True,P2,12
9200000017,10,2025-05-21T16:11:25.323575,P1,defend,2,1200,castle,rainy,False,56,69,80,0,0,False,P2,False,P2,12
9200000017,11,2025-05-21T16:11:30.323575,P2,defend,10,1726,forest,foggy,False,69,56,45,0,0,False,P2,True,P2,12
9200000017,12,2025-05-21T16:11:35.323575,P1,attack,7,1452,volcano,rainy,True,56,55,70,14,14,False,P2,False,P2,12
9200000018,1,2025-05-21T16:10:40.323720,P1,defend,3,1792,castle,stormy,False,100,100,100,0,0,False,P1,False,P2,16
9200000018,2,2025-05-21T16:10:45.323720,P2,attack,6,1273,desert,stormy,True,100,93,90,7,7,False,P1,True,P2,16
9200000018,3,2025-05-21T16:10:50.323720,P1,attack,6,1533,desert,rainy,True,93,82,90,18,18,False,P1,False,P2,16
9200000018,4,2025-05-21T16:10:55.323720,P2,attack,1,1988,desert,foggy,False,82,83,80,10,10,False,P1,True,P2,16
9200000018,5,2025-05-21T16:11:00.323720,P1,defend,6,1943,desert,rainy,True,83,82,95,0,0,False,P1,False,P2,16
9200000018,6,2025-05-21T16:11:05.323720,P2,heal,2,1161,desert,clear,True,95,83,65,13,0,False,P1,True,P2,16
9200000018,7,2025-05-21T16:11:10.323720,P1,attack,8,1810,volcano,foggy,False,83,87,85,8,8,False,P1,False,P2,16
9200000018,8,2025-05-21T16:11:15.323720,P2,defend,2,1170,forest,stormy,False,87,83,70,0,0,False,P1,True,P2,16
9200000018,9,2025-05-21T16:11:20.323720,P1,defend,2,1925,castle,stormy,True,83,87,90,0,0,False,P1,False,P2,16
9200000018,10,2025-05-21T16:11:25.323720,P2,attack,6,1522,desert,foggy,True,87,65,60,18,18,False,P1,True,P2,16
9200000018,11,2025-05-21T16:11:30.323720,P1,attack,4,1051,forest,stormy,False,65,74,80,13,13,False,P1,False,P2,16
9200000018,12,2025-05-21T16:11:35.323720,P2,defend,1,1207,forest,stormy,False,74,65,65,0,0,False,P1,True,P2,16
9200000018,13,2025-05-21T16:11:40.323720,P1,attack,8,1722,volcano,stormy,True,65,61,70,13,13,False,P1,False,P2,16
9200000018,14,2025-05-21T16:11:45.323720,P2,heal,7,1332,forest,stormy,False,70,65,50,9,0,False,P1,True,P2,16
9200000018,15,2025-05-21T16:11:50.323720,P1,attack,1,1401,forest,rainy,False,65,57,60,13,13,False,P1,False,P2,16
9200000018,16,2025-05-21T16:11:55.323720,P2,heal,9,1079,forest,stormy,True,67,65,35,10,0,False,P1,True,P2,16
9200000019,1,2025-05-21T16:10:40.323899,P2,heal,6,1050,desert,foggy,False,100,100,85,6,0,False,P2,True,P2,13
9200000019,2,2025-05-21T16:10:45.323899,P1,defend,10,1696,volcano,clear,True,100,100,100,0,0,False,P2,False,P2,13
9200000019,3,2025-05-21T16:10:50.323899,P2,heal,7,1846,desert,clear,True,100,100,70,10,0,False,P2,True,P2,13
9200000019,4,2025-05-21T16:10:55.323899,P1,defend,3,1803,volcano,rainy,False,100,100,100,0,0,False,P2,False,P2,13
9200000019,5,2025-05-21T16:11:00.323899,P2,defend,6,1358,forest,clear,True,100,100,75,0,0,False,P2,True,P2,13
9200000019,6,2025-05-21T16:11:05.323899,P1,defend,9,1704,castle,clear,False,100,100,100,0,0,False,P2,False,P2,13
9200000019,7,2025-05-21T16:11:10.323899,P2,defend,4,1529,volcano,foggy,False,100,100,80,0,0,False,P2,True,P2,13
9200000019,8,2025-05-21T16:11:15.323899,P1,defend,7,1119,forest,clear,False,100,100,100,0,0,False,P2,False,P2,13
9200000019,9,2025-05-21T16:11:20.323899,P2,attack,7,1123,volcano,rainy,False,100,89,70,11,11,False,P2,True,P2,13
9200000019,10,2025-05-21T16:11:25.323899,P1,defend,3,1925,desert,foggy,False,89,100,100,0,0,False,P2,False,P2,13
9200000019,11,2025-05-21T16:11:30.323899,P2,defend,5,1046,forest,stormy,False,100,89,75,0,0,False,P2,True,P2,13
9200000019,12,2025-05-21T16:11:35.323899,P1,heal,7,1991,forest,foggy,False,97,100,85,8,0,False,P2,False,P2,13
9200000019,13,2025-05-21T16:11:40.323899,P2,heal,9,1576,volcano,stormy,False,100,97,60,5,0,False,P2,True,P2,13
9200000020,1,2025-05-21T16:10:40.324211,P1,heal,8,1606,castle,foggy,False,100,100,85,10,0,False,P1,True,P1,12
9200000020,2,2025-05-21T16:10:45.324211,P2,heal,1,1802,volcano,foggy,False,100,100,85,13,0,False,P1,False,P1,12
9200000020,3,2025-05-21T16:10:50.324211,P1,heal,8,1921,desert,foggy,False,100,100,70,7,0,False,P1,True,P1,12
9200000020,4,2025-05-21T16:10:55.324211,P2,defend,7,1013,volcano,foggy,True,100,100,90,0,0,False,P1,False,P1,12
9200000020,5,2025-05-21T16:11:00.324211,P1,attack,8,1993,forest,foggy,True,100,88,60,12,12,False,P1,True,P1,12
9200000020,6,2025-05-21T16:11:05.324211,P2,defend,6,1282,castle,rainy,False,88,100,95,0,0,False,P1,False,P1,12
9200000020,7,2025-05-21T16:11:10.324211,P1,heal,1,1663,desert,clear,True,100,88,45,7,0,False,P1,True,P1,12
9200000020,8,2025-05-21T16:11:15.324211,P2,heal,2,1220,volcano,stormy,False,96,100,80,8,0,False,P1,False,P1,12
9200000020,9,2025-05-21T16:11:20.324211,P1,attack,8,1401,castle,clear,False,100,78,35,18,18,False,P1,True,P1,12
9200000020,10,2025-05-21T16:11:25.324211,P2,defend,8,1915,castle,foggy,True,78,100,85,0,0,False,P1,False,P1,12
9200000020,11,2025-05-21T16:11:30.324211,P1,defend,8,1121,volcano,stormy,True,100,78,40,0,0,False,P1,True,P1,12
9200000020,12,2025-05-21T16:11:35.324211,P2,attack,7,1746,volcano,rainy,False,78,94,75,6,6,False,P1,False,P1,12
9200000021,1,2025-05-21T16:10:40.324370,P1,heal,2,1341,forest,stormy,True,100,100,85,5,0,False,P1,True,P1,13
9200000021,2,2025-05-21T16:10:45.324370,P2,heal,4,1407,forest,clear,True,100,100,85,6,0,False,P1,False,P1,13
9200000021,3,2025-05-21T16:10:50.324370,P1,attack,4,1813,volcano,stormy,True,100,91,75,9,9,False,P1,True,P1,13
9200000021,4,2025-05-21T16:10:55.324370,P2,attack,8,1720,forest,clear,False,91,90,75,10,10,False,P1,False,P1,13
9200000021,5,2025-05-21T16:11:00.324370,P1,defend,7,1032,forest,foggy,True,90,91,80,0,0,False,P1,True,P1,13
9200000021,6,2025-05-21T16:11:05.324370,P2,attack,2,1699,volcano,foggy,False,91,71,65,19,19,False,P1,False,P1,13
9200000021,7,2025-05-21T16:11:10.324370,P1,heal,8,1275,desert,stormy,True,80,91,65,9,0,False,P1,True,P1,13
9200000021,8,2025-05-21T16:11:15.324370,P2,attack,10,1415,forest,stormy,True,91,75,55,5,5,False,P1,False,P1,13
9200000021,9,2025-05-21T16:11:20.324370,P1,heal,5,1780,volcano,rainy,False,89,91,50,14,0,False,P1,True,P1,13
9200000021,10,2025-05-21T16:11:25.324370,P2,heal,3,1932,forest,stormy,False,97,89,40,6,0,False,P1,False,P1,13
9200000021,11,2025-05-21T16:11:30.324370,P1,heal,1,1137,desert,clear,False,94,97,35,5,0,False,P1,True,P1,13
9200000021,12,2025-05-21T16:11:35.324370,P2,heal,7,1481,volcano,clear,False,100,94,25,8,0,False,P1,False,P1,13
9200000021,13,2025-05-21T16:11:40.324370,P1,defend,7,1342,desert,stormy,False,94,100,40,0,0,False,P1,True,P1,13
9200000022,1,2025-05-21T16:10:40.324503,P1,attack,6,1340,volcano,rainy,False,100,88,90,12,12,False,P1,False,P2,8
9200000022,2,2025-05-21T16:10:45.324503,P2,attack,2,1678,volcano,stormy,True,88,87,90,13,13,False,P1,True,P2,8
9200000022,3,2025-05-21T16:10:50.324503,P1,heal,10,1173,castle,foggy,True,93,88,75,6,0,False,P1,False,P2,8
9200000022,4,2025-05-21T16:10:55.324503,P2,defend,6,1507,desert,stormy,False,88,93,95,0,0,False,P1,True,P2,8
9200000022,5,2025-05-21T16:11:00.324503,P1,attack,7,1772,castle,stormy,True,93,70,65,18,18,False,P1,False,P2,8
9200000022,6,2025-05-21T16:11:05.324503,P2,heal,8,1438,forest,stormy,True,77,93,80,7,0,False,P1,True,P2,8
9200000022,7,2025-05-21T16:11:10.324503,P1,defend,4,1988,volcano,rainy,False,93,77,70,0,0,False,P1,False,P2,8
9200000022,8,2025-05-21T16:11:15.324503,P2,heal,10,1911,forest,rainy,True,90,93,65,13,0,False,P1,True,P2,8
9200000023,1,2025-05-21T16:10:40.324613,P2,defend,1,1801,desert,stormy,False,100,100,100,0,0,False,P2,False,P1,8
9200000023,2,2025-05-21T16:10:45.324613,P1,attack,3,1642,castle,stormy,True,100,84,90,16,16,False,P2,True,P1,8
9200000023,3,2025-05-21T16:10:50.324613,P2,heal,5,1243,forest,rainy,True,98,100,85,14,0,False,P2,False,P1,8
9200000023,4,2025-05-21T16:10:55.324613,P1,defend,5,1240,desert,clear,True,100,98,95,0,0,False,P2,True,P1,8
9200000023,5,2025-05-21T16:11:00.324613,P2,attack,9,1947,castle,rainy,True,98,87,75,13,13,False,P2,False,P1,8
9200000023,6,2025-05-21T16:11:05.324613,P1,defend,8,1748,desert,foggy,False,87,98,100,0,0,False,P2,True,P1,8
9200000023,7,2025-05-21T16:11:10.324613,P2,attack,7,1887,volcano,stormy,True,98,69,65,18,18,False,P2,False,P1,8
9200000023,8,2025-05-21T16:11:15.324613,P1,defend,7,1858,castle,rainy,True,69,98,100,0,0,False,P2,True,P1,8
9200000024,1,2025-05-21T16:10:40.324726,P2,heal,6,1009,castle,rainy,False,100,100,85,5,0,False,P2,True,P2,12
9200000024,2,2025-05-21T16:10:45.324726,P1,heal,3,1778,volcano,clear,True,100,100,85,7,0,False,P2,False,P2,12
9200000024,3,2025-05-21T16:10:50.324726,P2,heal,10,1317,castle,rainy,False,100,100,70,8,0,False,P2,True,P2,12
9200000024,4,2025-05-21T16:10:55.324726,P1,defend,7,1419,forest,clear,False,100,100,90,0,0,False,P2,False,P2,12
9200000024,5,2025-05-21T16:11:00.324726,P2,defend,2,1085,forest,clear,True,100,100,75,0,0,False,P2,True,P2,12
9200000024,6,2025-05-21T16:11:05.324726,P1,attack,10,1104,desert,foggy,False,100,86,80,14,14,False,P2,False,P2,12
9200000024,7,2025-05-21T16:11:10.324726,P2,heal,4,1862,forest,clear,False,95,100,60,9,0,False,P2,True,P2,12
9200000024,8,2025-05-21T16:11:15.324726,P1,attack,6,1004,volcano,rainy,False,100,81,70,14,14,False,P2,False,P2,12
9200000024,9,2025-05-21T16:11:20.324726,P2,heal,6,1275,forest,stormy,False,91,100,45,10,0,False,P2,True,P2,12
9200000024,10,2025-05-21T16:11:25.324726,P1,heal,10,1405,forest,foggy,False,100,91,55,15,0,False,P2,False,P2,12
9200000024,11,2025-05-21T16:11:30.324726,P2,defend,2,1532,desert,rainy,True,91,100,50,0,0,False,P2,True,P2,12
9200000024,12,2025-05-21T16:11:35.324726,P1,attack,7,1916,volcano,stormy,False,100,72,45,19,19,False,P2,False,P2,12
9200000025,1,2025-05-21T16:10:40.324852,P2,heal,10,1552,volcano,rainy,True,100,100,85,7,0,False,P2,False,P1,10
9200000025,2,2025-05-21T16:10:45.324852,P1,attack,6,1386,castle,stormy,False,100,82,90,18,18,False,P2,True,P1,10
9200000025,3,2025-05-21T16:10:50.324852,P2,attack,10,1904,volcano,clear,True,82,84,75,16,16,False,P2,False,P1,10
9200000025,4,2025-05-21T16:10:55.324852,P1,attack,6,1358,castle,foggy,True,84,74,80,8,8,False,P2,True,P1,10
9200000025,5,2025-05-21T16:11:00.324852,P2,defend,4,1050,castle,clear,False,74,84,80,0,0,False,P2,False,P1,10
9200000025,6,2025-05-21T16:11:05.324852,P1,defend,4,1908,castle,clear,False,84,74,85,0,0,False,P2,True,P1,10
9200000025,7,2025-05-21T16:11:10.324852,P2,attack,2,1858,castle,stormy,False,74,78,70,6,6,False,P2,False,P1,10
9200000025,8,2025-05-21T16:11:15.324852,P1,defend,4,1571,volcano,foggy,True,78,74,90,0,0,False,P2,True,P1,10
9200000025,9,2025-05-21T16:11:20.324852,P2,attack,3,1523,castle,rainy,False,74,61,60,17,17,False,P2,False,P1,10
9200000025,10,2025-05-21T16:11:25.324852,P1,heal,2,1423,castle,rainy,True,66,74,75,5,0,False,P2,True,P1,10
9200000026,1,2025-05-21T16:10:40.325094,P2,defend,9,1611,forest,clear,False,100,100,100,0,0,False,P2,True,P2,17
9200000026,2,2025-05-21T16:10:45.325094,P1,defend,9,1897,volcano,clear,False,100,100,100,0,0,False,P2,False,P2,17
9200000026,3,2025-05-21T16:10:50.325094,P2,defend,1,1510,castle,rainy,True,100,100,100,0,0,False,P2,True,P2,17
9200000026,4,2025-05-21T16:10:55.325094,P1,attack,10,1796,forest,rainy,False,100,95,90,5,5,False,P2,False,P2,17
9200000026,5,2025-05-21T16:11:00.325094,P2,attack,6,1274,forest,stormy,True,95,90,90,10,10,False,P2,True,P2,17
9200000026,6,2025-05-21T16:11:05.325094,P1,defend,7,1844,volcano,clear,False,90,95,95,0,0,False,P2,False,P2,17
9200000026,7,2025-05-21T16:11:10.325094,P2,defend,1,1178,volcano,clear,False,95,90,95,0,0,False,P2,True,P2,17
9200000026,8,2025-05-21T16:11:15.325094,P1,defend,7,1941,castle,clear,True,90,95,100,0,0,False,P2,False,P2,17
9200000026,9,2025-05-21T16:11:20.325094,P2,attack,3,1345,forest,rainy,False,95,82,85,8,8,False,P2,True,P2,17
9200000026,10,2025-05-21T16:11:25.325094,P1,attack,6,1933,volcano,stormy,True,82,90,90,5,5,False,P2,False,P2,17
9200000026,11,2025-05-21T16:11:30.325094,P2,heal,10,1722,volcano,clear,True,100,82,70,11,0,False,P2,True,P2,17
9200000026,12,2025-05-21T16:11:35.325094,P1,defend,9,1711,forest,clear,True,82,100,95,0,0,False,P2,False,P2,17
9200000026,13,2025-05-21T16:11:40.325094,P2,defend,10,1366,castle,clear,True,100,82,75,0,0,False,P2,True,P2,17
9200000026,14,2025-05-21T16:11:45.325094,P1,attack,10,1883,desert,rainy,False,82,95,85,5,5,False,P2,False,P2,17
9200000026,15,2025-05-21T16:11:50.325094,P2,defend,7,1416,castle,stormy,True,95,82,80,0,0,False,P2,True,P2,17
9200000026,16,2025-05-21T16:11:55.325094,P1,defend,7,1179,desert,stormy,True,82,95,90,0,0,False,P2,False,P2,17
9200000026,17,2025-05-21T16:12:00.325094,P2,defend,5,1907,castle,clear,True,95,82,85,0,0,False,P2,True,P2,17
9200000027,1,2025-05-21T16:10:40.325359,P1,defend,7,1270,castle,stormy,True,100,100,100,0,0,False,P1,True,P1,12
9200000027,2,2025-05-21T16:10:45.325359,P2,defend,9,1519,desert,clear,True,100,100,100,0,0,False,P1,False,P1,12
9200000027,3,2025-05-21T16:10:50.325359,P1,heal,2,1212,castle,stormy,False,100,100,85,15,0,False,P1,True,P1,12
9200000027,4,2025-05-21T16:10:55.325359,P2,defend,6,1852,volcano,foggy,True,100,100,100,0,0,False,P1,False,P1,12
9200000027,5,2025-05-21T16:11:00.325359,P1,defend,5,1875,castle,stormy,True,100,100,90,0,0,False,P1,True,P1,12
9200000027,6,2025-05-21T16:11:05.325359,P2,heal,6,1729,castle,stormy,False,100,100,85,13,0,False,P1,False,P1,12
9200000027,7,2025-05-21T16:11:10.325359,P1,attack,10,1365,volcano,clear,False,100,87,80,13,13,False,P1,True,P1,12
9200000027,8,2025-05-21T16:11:15.325359,P2,heal,10,1604,castle,foggy,True,96,100,70,9,0,False,P1,False,P1,12
9200000027,9,2025-05-21T16:11:20.325359,P1,heal,10,1295,volcano,foggy,False,100,96,65,15,0,False,P1,True,P1,12
9200000027,10,2025-05-21T16:11:25.325359,P2,defend,9,1750,desert,foggy,False,96,100,75,0,0,False,P1,False,P1,12
9200000027,11,2025-05-21T16:11:30.325359,P1,defend,4,1217,volcano,stormy,True,100,96,70,0,0,False,P1,True,P1,12
9200000027,12,2025-05-21T16:11:35.325359,P2,heal,7,1833,forest,clear,True,100,100,60,12,0,False,P1,False,P1,12
9200000028,1,2025-05-21T16:10:40.325501,P2,attack,4,1812,forest,rainy,False,100,89,90,11,11,False,P2,False,P1,17
9200000028,2,2025-05-21T16:10:45.325501,P1,attack,2,2000,volcano,rainy,False,89,91,90,9,9,False,P2,True,P1,17
9200000028,3,2025-05-21T16:10:50.325501,P2,attack,4,1713,forest,rainy,False,91,70,80,19,19,False,P2,False,P1,17
9200000028,4,2025-05-21T16:10:55.325501,P1,attack,10,1427,volcano,rainy,True,70,81,80,10,10,False,P2,True,P1,17
9200000028,5,2025-05-21T16:11:00.325501,P2,defend,2,1545,volcano,foggy,False,81,70,85,0,0,False,P2,False,P1,17
9200000028,6,2025-05-21T16:11:05.325501,P1,heal,3,1132,forest,foggy,False,81,81,65,11,0,False,P2,True,P1,17
9200000028,7,2025-05-21T16:11:10.325501,P2,heal,9,1581,forest,foggy,False,91,81,70,10,0,False,P2,False,P1,17
9200000028,8,2025-05-21T16:11:15.325501,P1,heal,2,1279,forest,foggy,True,93,91,50,12,0,False,P2,True,P1,17
9200000028,9,2025-05-21T16:11:20.325501,P2,heal,8,1375,volcano,foggy,True,98,93,55,7,0,False,P2,False,P1,17
9200000028,10,2025-05-21T16:11:25.325501,P1,attack,9,1137,forest,rainy,True,93,82,40,16,16,False,P2,True,P1,17
9200000028,11,2025-05-21T16:11:30.325501,P2,heal,9,1058,volcano,foggy,True,92,93,40,10,0,False,P2,False,P1,17
9200000028,12,2025-05-21T16:11:35.325501,P1,heal,6,1218,forest,stormy,False,100,92,25,7,0,False,P2,True,P1,17
9200000028,13,2025-05-21T16:11:40.325501,P2,attack,2,1015,forest,foggy,True,92,86,30,14,14,False,P2,False,P1,17
9200000028,14,2025-05-21T16:11:45.325501,P1,defend,4,1968,volcano,clear,True,86,92,30,0,0,False,P2,True,P1,17
9200000028,15,2025-05-21T16:11:50.325501,P2,heal,7,1687,forest,foggy,False,100,86,15,14,0,False,P2,False,P1,17
9200000028,16,2025-05-21T16:11:55.325501,P1,heal,1,1217,castle,rainy,True,100,100,15,14,0,False,P2,True,P1,17
9200000028,17,2025-05-21T16:12:00.325501,P2,attack,1,1544,volcano,stormy,True,100,95,5,5,5,False,P2,False,P1,17
9200000029,1,2025-05-21T16:10:40.325675,P1,heal,3,1418,desert,foggy,False,100,100,85,6,0,False,P1,True,P1,17
9200000029,2,2025-05-21T16:10:45.325675,P2,attack,1,1813,volcano,rainy,True,100,85,90,15,15,False,P1,False,P1,17
9200000029,3,2025-05-21T16:10:50.325675,P1,defend,6,1189,volcano,stormy,True,85,100,90,0,0,False,P1,True,P1,17
9200000029,4,2025-05-21T16:10:55.325675,P2,defend,10,1962,desert,rainy,True,100,85,95,0,0,False,P1,False,P1,17
9200000029,5,2025-05-21T16:11:00.325675,P1,defend,4,1048,desert,rainy,True,85,100,95,0,0,False,P1,True,P1,17
9200000029,6,2025-05-21T16:11:05.325675,P2,defend,10,1720,desert,rainy,False,100,85,100,0,0,False,P1,False,P1,17
9200000029,7,2025-05-21T16:11:10.325675,P1,attack,10,1444,desert,stormy,False,85,80,85,20,20,False,P1,True,P1,17
9200000029,8,2025-05-21T16:11:15.325675,P2,heal,9,1268,volcano,stormy,False,89,85,85,9,0,False,P1,False,P1,17
9200000029,9,2025-05-21T16:11:20.325675,P1,heal,6,1832,desert,stormy,False,93,89,70,8,0,False,P1,True,P1,17
9200000029,10,2025-05-21T16:11:25.325675,P2,attack,9,1010,forest,foggy,False,89,83,75,10,10,False,P1,False,P1,17
9200000029,11,2025-05-21T16:11:30.325675,P1,defend,9,1415,castle,foggy,False,83,89,75,0,0,False,P1,True,P1,17
9200000029,12,2025-05-21T16:11:35.325675,P2,defend,1,1731,forest,rainy,True,89,83,80,0,0,False,P1,False,P1,17
9200000029,13,2025-05-21T16:11:40.325675,P1,defend,4,1742,volcano,rainy,True,83,89,80,0,0,False,P1,True,P1,17
9200000029,14,2025-05-21T16:11:45.325675,P2,defend,10,1510,volcano,rainy,True,89,83,85,0,0,False,P1,False,P1,17
9200000029,15,2025-05-21T16:11:50.325675,P1,heal,3,1013,volcano,foggy,False,91,89,65,8,0,False,P1,True,P1,17
9200000029,16,2025-05-21T16:11:55.325675,P2,defend,2,1169,desert,rainy,True,89,91,90,0,0,False,P1,False,P1,17
9200000029,17,2025-05-21T16:12:00.325675,P1,heal,1,1685,castle,clear,False,100,89,50,12,0,False,P1,True,P1,17
9200000030,1,2025-05-21T16:10:40.325933,P1,defend,3,1685,volcano,foggy,False,100,100,100,0,0,False,P1,True,P1,17
9200000030,2,2025-05-21T16:10:45.325933,P2,attack,2,1250,desert,stormy,False,100,92,90,8,8,False,P1,False,P1,17
9200000030,3,2025-05-21T16:10:50.325933,P1,defend,10,1112,castle,rainy,True,92,100,100,0,0,False,P1,True,P1,17
9200000030,4,2025-05-21T16:10:55.325933,P2,heal,1,1543,forest,rainy,True,100,92,75,13,0,False,P1,False,P1,17
9200000030,5,2025-05-21T16:11:00.325933,P1,defend,7,1025,volcano,stormy,True,92,100,100,0,0,False,P1,True,P1,17
9200000030,6,2025-05-21T16:11:05.325933,P2,defend,5,1349,volcano,rainy,True,100,92,80,0,0,False,P1,False,P1,17
9200000030,7,2025-05-21T16:11:10.325933,P1,attack,8,1886,castle,stormy,False,92,87,90,13,13,False,P1,True,P1,17
9200000030,8,2025-05-21T16:11:15.325933,P2,defend,5,1157,forest,rainy,True,87,92,85,0,0,False,P1,False,P1,17
9200000030,9,2025-05-21T16:11:20.325933,P1,attack,7,1527,forest,stormy,False,92,75,80,12,12,False,P1,True,P1,17
9200000030,10,2025-05-21T16:11:25.325933,P2,defend,9,1286,volcano,clear,False,75,92,90,0,0,False,P1,False,P1,17
9200000030,11,2025-05-21T16:11:30.325933,P1,heal,3,1714,forest,clear,False,98,75,65,6,0,False,P1,True,P1,17
9200000030,12,2025-05-21T16:11:35.325933,P2,attack,3,1187,desert,foggy,True,75,92,80,6,6,False,P1,False,P1,17
9200000030,13,2025-05-21T16:11:40.325933,P1,heal,8,1870,castle,clear,False,100,75,50,15,0,False,P1,True,P1,17
9200000030,14,2025-05-21T16:11:45.325933,P2,defend,5,1408,desert,rainy,False,75,100,85,0,0,False,P1,False,P1,17
9200000030,15,2025-05-21T16:11:50.325933,P1,defend,6,1349,castle,rainy,True,100,75,55,0,0,False,P1,True,P1,17
9200000030,16,2025-05-21T16:11:55.325933,P2,defend,7,1486,volcano,rainy,True,75,100,90,0,0,False,P1,False,P1,17
9200000030,17,2025-05-21T16:12:00.325933,P1,heal,2,1437,desert,foggy,True,100,75,40,8,0,False,P1,True,P1,17
9200000031,1,2025-05-21T16:10:40.326721,P2,attack,3,1560,castle,foggy,False,100,81,90,19,19,False,P2,True,P2,16
9200000031,2,2025-05-21T16:10:45.326721,P1,attack,3,1788,castle,clear,True,81,94,90,6,6,False,P2,False,P2,16
9200000031,3,2025-05-21T16:10:50.326721,P2,heal,9,1828,desert,foggy,False,100,81,75,10,0,False,P2,True,P2,16
9200000031,4,2025-05-21T16:10:55.326721,P1,attack,1,1760,forest,clear,False,81,83,80,17,17,False,P2,False,P2,16
9200000031,5,2025-05-21T16:11:00.326721,P2,heal,10,1615,desert,clear,False,90,81,60,7,0,False,P2,True,P2,16
9200000031,6,2025-05-21T16:11:05.326721,P1,heal,10,1566,forest,clear,False,95,90,65,14,0,False,P2,False,P2,16
9200000031,7,2025-05-21T16:11:10.326721,P2,heal,2,1349,desert,foggy,True,97,95,45,7,0,False,P2,True,P2,16
9200000031,8,2025-05-21T16:11:15.326721,P1,attack,8,1914,desert,foggy,True,95,88,55,9,9,False,P2,False,P2,16
9200000031,9,2025-05-21T16:11:20.326721,P2,heal,1,1075,desert,stormy,False,100,95,30,14,0,False,P2,True,P2,16
9200000031,10,2025-05-21T16:11:25.326721,P1,attack,8,1059,castle,foggy,False,95,92,45,8,8,False,P2,False,P2,16
9200000031,11,2025-05-21T16:11:30.326721,P2,heal,1,1322,volcano,stormy,False,100,95,15,9,0,False,P2,True,P2,16
9200000031,12,2025-05-21T16:11:35.326721,P1,defend,6,1965,volcano,rainy,False,95,100,50,0,0,False,P2,False,P2,16
9200000031,13,2025-05-21T16:11:40.326721,P2,heal,10,1080,forest,clear,True,100,95,0,7,0,False,P2,True,P2,16
9200000031,14,2025-05-21T16:11:45.326721,P1,heal,3,1181,forest,foggy,False,100,100,35,14,0,False,P2,False,P2,16
9200000031,15,2025-05-21T16:11:50.326721,P2,defend,7,1852,forest,stormy,True,100,100,5,0,0,False,P2,True,P2,16
9200000031,16,2025-05-21T16:11:55.326721,P1,attack,6,1130,forest,stormy,True,100,81,25,19,19,False,P2,False,P2,16
9200000032,1,2025-05-21T16:10:40.327143,P2,heal,5,1169,volcano,foggy,False,100,100,85,8,0,False,P2,False,P1,10
9200000032,2,2025-05-21T16:10:45.327143,P1,heal,1,1232,desert,stormy,False,100,100,85,10,0,False,P2,True,P1,10
9200000032,3,2025-05-21T16:10:50.327143,P2,attack,9,1128,forest,foggy,True,100,89,75,11,11,False,P2,False,P1,10
9200000032,4,2025-05-21T16:10:55.327143,P1,heal,10,1568,castle,rainy,True,95,100,70,6,0,False,P2,True,P1,10
9200000032,5,2025-05-21T16:11:00.327143,P2,heal,4,1772,forest,stormy,True,100,95,60,13,0,False,P2,False,P1,10
9200000032,6,2025-05-21T16:11:05.327143,P1,attack,2,1981,forest,clear,False,95,95,60,5,5,False,P2,True,P1,10
9200000032,7,2025-05-21T16:11:10.327143,P2,heal,5,1336,forest,rainy,False,100,95,45,9,0,False,P2,False,P1,10
9200000032,8,2025-05-21T16:11:15.327143,P1,defend,9,1211,volcano,rainy,False,95,100,65,0,0,False,P2,True,P1,10
9200000032,9,2025-05-21T16:11:20.327143,P2,heal,2,1299,desert,rainy,True,100,95,30,7,0,False,P2,False,P1,10
9200000032,10,2025-05-21T16:11:25.327143,P1,attack,3,1304,volcano,clear,False,95,89,55,11,11,False,P2,True,P1,10
9200000033,1,2025-05-21T16:10:40.327591,P1,heal,10,1626,castle,stormy,False,100,100,85,14,0,False,P1,True,P1,15
9200000033,2,2025-05-21T16:10:45.327591,P2,heal,1,1149,castle,clear,True,100,100,85,9,0,False,P1,False,P1,15
9200000033,3,2025-05-21T16:10:50.327591,P1,attack,3,1257,forest,foggy,True,100,81,75,19,19,False,P1,True,P1,15
9200000033,4,2025-05-21T16:10:55.327591,P2,attack,7,1404,volcano,clear,True,81,84,75,16,16,False,P1,False,P1,15
9200000033,5,2025-05-21T16:11:00.327591,P1,defend,5,1034,castle,stormy,True,84,81,80,0,0,False,P1,True,P1,15
9200000033,6,2025-05-21T16:11:05.327591,P2,heal,6,1875,castle,clear,True,90,84,60,9,0,False,P1,False,P1,15
9200000033,7,2025-05-21T16:11:10.327591,P1,attack,8,1211,castle,foggy,True,84,80,70,10,10,False,P1,True,P1,15
9200000033,8,2025-05-21T16:11:15.327591,P2,attack,1,1789,desert,clear,True,80,75,50,9,9,False,P1,False,P1,15
9200000033,9,2025-05-21T16:11:20.327591,P1,defend,5,1418,forest,clear,False,75,80,75,0,0,False,P1,True,P1,15
9200000033,10,2025-05-21T16:11:25.327591,P2,heal,6,1880,desert,clear,False,85,75,35,5,0,False,P1,False,P1,15
9200000033,11,2025-05-21T16:11:30.327591,P1,heal,6,1210,desert,rainy,False,86,85,60,11,0,False,P1,True,P1,15
9200000033,12,2025-05-21T16:11:35.327591,P2,heal,6,1212,forest,clear,True,96,86,20,11,0,False,P1,False,P1,15
9200000033,13,2025-05-21T16:11:40.327591,P1,defend,8,1056,castle,clear,False,86,96,65,0,0,False,P1,True,P1,15
9200000033,14,2025-05-21T16:11:45.327591,P2,attack,4,1365,desert,rainy,False,96,67,10,19,19,False,P1,False,P1,15
9200000033,15,2025-05-21T16:11:50.327591,P1,defend,2,1934,desert,clear,True,67,96,70,0,0,False,P1,True,P1,15
9200000034,1,2025-05-21T16:10:40.327777,P2,attack,4,1287,desert,rainy,True,100,90,90,10,10,False,P2,True,P2,17
9200000034,2,2025-05-21T16:10:45.327777,P1,defend,6,1966,castle,stormy,True,90,100,100,0,0,False,P2,False,P2,17
9200000034,3,2025-05-21T16:10:50.327777,P2,attack,6,1249,castle,foggy,False,100,83,80,7,7,False,P2,True,P2,17
9200000034,4,2025-05-21T16:10:55.327777,P1,defend,7,1217,castle,clear,False,83,100,100,0,0,False,P2,False,P2,17
9200000034,5,2025-05-21T16:11:00.327777,P2,defend,1,1921,forest,clear,True,100,83,85,0,0,False,P2,True,P2,17
9200000034,6,2025-05-21T16:11:05.327777,P1,attack,7,1618,volcano,clear,True,83,91,90,9,9,False,P2,False,P2,17
9200000034,7,2025-05-21T16:11:10.327777,P2,attack,9,1177,desert,stormy,True,91,67,75,16,16,False,P2,True,P2,17
9200000034,8,2025-05-21T16:11:15.327777,P1,attack,5,1115,volcano,foggy,True,67,79,80,12,12,False,P2,False,P2,17
9200000034,9,2025-05-21T16:11:20.327777,P2,attack,7,1103,volcano,clear,True,79,62,65,5,5,False,P2,True,P2,17
9200000034,10,2025-05-21T16:11:25.327777,P1,heal,5,1405,forest,clear,True,68,79,65,6,0,False,P2,False,P2,17
9200000034,11,2025-05-21T16:11:30.327777,P2,heal,6,1296,castle,clear,False,88,68,50,9,0,False,P2,True,P2,17
9200000034,12,2025-05-21T16:11:35.327777,P1,heal,1,1153,castle,stormy,True,78,88,50,10,0,False,P2,False,P2,17
9200000034,13,2025-05-21T16:11:40.327777,P2,defend,1,1756,castle,foggy,True,88,78,55,0,0,False,P2,True,P2,17
9200000034,14,2025-05-21T16:11:45.327777,P1,attack,4,1008,castle,stormy,False,78,68,40,20,20,False,P2,False,P2,17
9200000034,15,2025-05-21T16:11:50.327777,P2,defend,10,1728,desert,clear,False,68,78,60,0,0,False,P2,True,P2,17
9200000034,16,2025-05-21T16:11:55.327777,P1,attack,6,1194,desert,clear,False,78,63,30,5,5,False,P2,False,P2,17
9200000034,17,2025-05-21T16:12:00.327777,P2,heal,3,1878,castle,foggy,False,78,78,45,15,0,False,P2,True,P2,17
9200000035,1,2025-05-21T16:10:40.328023,P2,heal,5,1060,castle,clear,True,100,100,85,5,0,False,P2,True,P2,10
9200000035,2,2025-05-21T16:10:45.328023,P1,heal,9,1546,desert,rainy,True,100,100,85,6,0,False,P2,False,P2,10
9200000035,3,2025-05-21T16:10:50.328023,P2,attack,1,1059,desert,clear,False,100,80,75,20,20,False,P2,True,P2,10
9200000035,4,2025-05-21T16:10:55.328023,P1,heal,7,1858,desert,clear,True,93,100,70,13,0,False,P2,False,P2,10
9200000035,5,2025-05-21T16:11:00.328023,P2,heal,7,1796,castle,clear,False,100,93,60,14,0,False,P2,True,P2,10
9200000035,6,2025-05-21T16:11:05.328023,P1,heal,8,1588,forest,clear,True,100,100,55,9,0,False,P2,False,P2,10
9200000035,7,2025-05-21T16:11:10.328023,P2,attack,1,1144,castle,foggy,False,100,83,50,17,17,False,P2,True,P2,10
9200000035,8,2025-05-21T16:11:15.328023,P1,defend,9,1336,castle,rainy,True,83,100,60,0,0,False,P2,False,P2,10
9200000035,9,2025-05-21T16:11:20.328023,P2,heal,4,1361,forest,rainy,False,100,83,35,13,0,False,P2,True,P2,10
9200000035,10,2025-05-21T16:11:25.328023,P1,heal,6,1003,forest,foggy,True,98,100,45,15,0,False,P2,False,P2,10
9200000036,1,2025-05-21T16:10:40.328168,P1,defend,5,1959,forest,clear,False,100,100,100,0,0,False,P1,True,P1,8
9200000036,2,2025-05-21T16:10:45.328168,P2,defend,8,1667,volcano,rainy,True,100,100,100,0,0,False,P1,False,P1,8
9200000036,3,2025-05-21T16:10:50.328168,P1,heal,10,1268,forest,stormy,False,100,100,85,9,0,False,P1,True,P1,8
9200000036,4,2025-05-21T16:10:55.328168,P2,heal,6,1981,castle,clear,True,100,100,85,9,0,False,P1,False,P1,8
9200000036,5,2025-05-21T16:11:00.328168,P1,attack,6,1907,volcano,clear,False,100,89,75,11,11,False,P1,True,P1,8
9200000036,6,2025-05-21T16:11:05.328168,P2,attack,4,1524,desert,rainy,False,89,94,75,6,6,False,P1,False,P1,8
9200000036,7,2025-05-21T16:11:10.328168,P1,heal,7,1104,desert,foggy,True,100,89,60,15,0,False,P1,True,P1,8
9200000036,8,2025-05-21T16:11:15.328168,P2,defend,10,1420,forest,stormy,True,89,100,80,0,0,False,P1,False,P1,8
9200000037,1,2025-05-21T16:10:40.328285,P2,defend,7,1417,castle,stormy,True,100,100,100,0,0,False,P2,False,P1,13
9200000037,2,2025-05-21T16:10:45.328285,P1,attack,2,1381,forest,foggy,False,100,93,90,7,7,False,P2,True,P1,13
9200000037,3,2025-05-21T16:10:50.328285,P2,attack,5,1903,castle,stormy,False,93,80,90,20,20,False,P2,False,P1,13
9200000037,4,2025-05-21T16:10:55.328285,P1,attack,6,1679,desert,clear,True,80,81,80,12,12,False,P2,True,P1,13
9200000037,5,2025-05-21T16:11:00.328285,P2,heal,4,1786,castle,foggy,False,87,80,75,6,0,False,P2,False,P1,13
9200000037,6,2025-05-21T16:11:05.328285,P1,defend,3,1052,castle,foggy,False,80,87,85,0,0,False,P2,True,P1,13
9200000037,7,2025-05-21T16:11:10.328285,P2,heal,4,1298,desert,clear,False,100,80,60,13,0,False,P2,False,P1,13
9200000037,8,2025-05-21T16:11:15.328285,P1,heal,10,1048,volcano,foggy,False,91,100,70,11,0,False,P2,True,P1,13
9200000037,9,2025-05-21T16:11:20.328285,P2,heal,3,1995,volcano,stormy,False,100,91,45,6,0,False,P2,False,P1,13
9200000037,10,2025-05-21T16:11:25.328285,P1,defend,8,1141,castle,foggy,False,91,100,75,0,0,False,P2,True,P1,13
9200000037,11,2025-05-21T16:11:30.328285,P2,defend,8,1146,forest,rainy,False,100,91,50,0,0,False,P2,False,P1,13
9200000037,12,2025-05-21T16:11:35.328285,P1,defend,8,1024,desert,foggy,False,91,100,80,0,0,False,P2,True,P1,13
9200000037,13,2025-05-21T16:11:40.328285,P2,defend,7,1582,forest,rainy,False,100,91,55,0,0,False,P2,False,P1,13
9200000038,1,2025-05-21T16:10:40.328451,P2,defend,1,1282,volcano,stormy,True,100,100,100,0,0,False,P2,False,P1,13
9200000038,2,2025-05-21T16:10:45.328451,P1,heal,9,1234,castle,clear,False,100,100,85,10,0,False,P2,True,P1,13
9200000038,3,2025-05-21T16:10:50.328451,P2,attack,10,1887,volcano,clear,True,100,91,90,9,9,False,P2,False,P1,13
9200000038,4,2025-05-21T16:10:55.328451,P1,attack,5,1970,forest,foggy,False,91,80,75,20,20,False,P2,True,P1,13
9200000038,5,2025-05-21T16:11:00.328451,P2,attack,7,1859,castle,stormy,False,80,85,80,6,6,False,P2,False,P1,13
9200000038,6,2025-05-21T16:11:05.328451,P1,attack,6,1732,volcano,foggy,False,85,71,65,9,9,False,P2,True,P1,13
9200000038,7,2025-05-21T16:11:10.328451,P2,defend,3,1071,desert,rainy,True,71,85,85,0,0,False,P2,False,P1,13
9200000038,8,2025-05-21T16:11:15.328451,P1,defend,10,1211,castle,rainy,True,85,71,70,0,0,False,P2,True,P1,13
9200000038,9,2025-05-21T16:11:20.328451,P2,heal,9,1730,forest,clear,True,84,85,70,13,0,False,P2,False,P1,13
9200000038,10,2025-05-21T16:11:25.328451,P1,attack,6,1159,volcano,stormy,True,85,67,60,17,17,False,P2,True,P1,13
9200000038,11,2025-05-21T16:11:30.328451,P2,heal,10,1015,desert,rainy,True,82,85,55,15,0,False,P2,False,P1,13
9200000038,12,2025-05-21T16:11:35.328451,P1,attack,3,1288,castle,foggy,True,85,70,50,12,12,False,P2,True,P1,13
9200000038,13,2025-05-21T16:11:40.328451,P2,attack,3,1645,castle,clear,True,70,76,45,9,9,False,P2,False,P1,13
9200000039,1,2025-05-21T16:10:40.328665,P1,defend,8,1489,forest,clear,True,100,100,100,0,0,False,P1,True,P1,11
9200000039,2,2025-05-21T16:10:45.328665,P2,heal,6,1875,castle,stormy,True,100,100,85,13,0,False,P1,False,P1,11
9200000039,3,2025-05-21T16:10:50.328665,P1,attack,9,1391,forest,clear,False,100,85,90,15,15,False,P1,True,P1,11
9200000039,4,2025-05-21T16:10:55.328665,P2,attack,1,1490,castle,foggy,False,85,86,75,14,14,False,P1,False,P1,11
9200000039,5,2025-05-21T16:11:00.328665,P1,heal,8,1300,castle,foggy,False,93,85,75,7,0,False,P1,True,P1,11
9200000039,6,2025-05-21T16:11:05.328665,P2,defend,4,1851,forest,clear,True,85,93,80,0,0,False,P1,False,P1,11
9200000039,7,2025-05-21T16:11:10.328665,P1,defend,5,1991,volcano,foggy,True,93,85,80,0,0,False,P1,True,P1,11
9200000039,8,2025-05-21T16:11:15.328665,P2,attack,8,1153,castle,rainy,False,85,80,70,13,13,False,P1,False,P1,11
9200000039,9,2025-05-21T16:11:20.328665,P1,attack,2,1165,desert,clear,False,80,73,70,12,12,False,P1,True,P1,11
9200000039,10,2025-05-21T16:11:25.328665,P2,defend,9,1154,volcano,stormy,False,73,80,75,0,0,False,P1,False,P1,11
9200000039,11,2025-05-21T16:11:30.328665,P1,defend,10,1101,volcano,stormy,False,80,73,75,0,0,False,P1,True,P1,11
9200000040,1,2025-05-21T16:10:40.329017,P2,defend,3,1662,forest,foggy,False,100,100,100,0,0,False,P2,False,P1,14
9200000040,2,2025-05-21T16:10:45.329017,P1,attack,5,1275,volcano,clear,True,100,89,90,11,11,False,P2,True,P1,14
9200000040,3,2025-05-21T16:10:50.329017,P2,attack,4,1770,volcano,clear,False,89,80,90,20,20,False,P2,False,P1,14
9200000040,4,2025-05-21T16:10:55.329017,P1,heal,3,1863,forest,foggy,False,95,89,75,15,0,False,P2,True,P1,14
9200000040,5,2025-05-21T16:11:00.329017,P2,heal,7,1901,castle,clear,True,100,95,75,11,0,False,P2,False,P1,14
9200000040,6,2025-05-21T16:11:05.329017,P1,defend,6,1141,volcano,rainy,True,95,100,80,0,0,False,P2,True,P1,14
9200000040,7,2025-05-21T16:11:10.329017,P2,attack,6,1280,castle,clear,False,100,78,65,17,17,False,P2,False,P1,14
9200000040,8,2025-05-21T16:11:15.329017,P1,attack,7,1346,castle,foggy,False,78,84,70,16,16,False,P2,True,P1,14
9200000040,9,2025-05-21T16:11:20.329017,P2,attack,4,1986,desert,foggy,True,84,61,55,17,17,False,P2,False,P1,14
9200000040,10,2025-05-21T16:11:25.329017,P1,heal,1,1361,forest,foggy,False,72,84,55,11,0,False,P2,True,P1,14
9200000040,11,2025-05-21T16:11:30.329017,P2,attack,8,1844,volcano,rainy,False,84,53,45,19,19,False,P2,False,P1,14
9200000040,12,2025-05-21T16:11:35.329017,P1,defend,6,1356,desert,clear,False,53,84,60,0,0,False,P2,True,P1,14
9200000040,13,2025-05-21T16:11:40.329017,P2,attack,1,1679,forest,rainy,True,84,35,35,18,18,False,P2,False,P1,14
9200000040,14,2025-05-21T16:11:45.329017,P1,attack,6,1754,volcano,foggy,False,35,73,50,11,11,False,P2,True,P1,14
9200000041,1,2025-05-21T16:10:40.329199,P2,defend,10,1710,volcano,foggy,True,100,100,100,0,0,False,P2,False,P1,13
9200000041,2,2025-05-21T16:10:45.329199,P1,defend,1,1823,volcano,foggy,False,100,100,100,0,0,False,P2,True,P1,13
9200000041,3,2025-05-21T16:10:50.329199,P2,defend,10,1901,desert,rainy,False,100,100,100,0,0,False,P2,False,P1,13
9200000041,4,2025-05-21T16:10:55.329199,P1,defend,7,1827,volcano,clear,True,100,100,100,0,0,False,P2,True,P1,13
9200000041,5,2025-05-21T16:11:00.329199,P2,attack,5,1102,castle,clear,False,100,88,90,12,12,False,P2,False,P1,13
9200000041,6,2025-05-21T16:11:05.329199,P1,heal,7,1168,forest,foggy,True,100,100,85,13,0,False,P2,True,P1,13
9200000041,7,2025-05-21T16:11:10.329199,P2,defend,6,1471,castle,stormy,True,100,100,95,0,0,False,P2,False,P1,13
9200000041,8,2025-05-21T16:11:15.329199,P1,heal,10,1215,desert,foggy,False,100,100,70,15,0,False,P2,True,P1,13
9200000041,9,2025-05-21T16:11:20.329199,P2,attack,5,1822,volcano,foggy,False,100,80,85,20,20,False,P2,False,P1,13
9200000041,10,2025-05-21T16:11:25.329199,P1,attack,3,1174,castle,clear,False,80,89,60,11,11,False,P2,True,P1,13
9200000041,11,2025-05-21T16:11:30.329199,P2,attack,5,1593,castle,rainy,True,89,60,75,20,20,False,P2,False,P1,13
9200000041,12,2025-05-21T16:11:35.329199,P1,heal,10,1901,desert,stormy,True,69,89,45,9,0,False,P2,True,P1,13
9200000041,13,2025-05-21T16:11:40.329199,P2,defend,5,1950,forest,rainy,False,89,69,80,0,0,False,P2,False,P1,13
9200000042,1,2025-05-21T16:10:40.329394,P1,defend,8,1354,castle,stormy,True,100,100,100,0,0,False,P1,True,P1,13
9200000042,2,2025-05-21T16:10:45.329394,P2,defend,7,1401,desert,clear,False,100,100,100,0,0,False,P1,False,P1,13
9200000042,3,2025-05-21T16:10:50.329394,P1,defend,1,1725,castle,stormy,False,100,100,100,0,0,False,P1,True,P1,13
9200000042,4,2025-05-21T16:10:55.329394,P2,defend,4,1804,volcano,clear,False,100,100,100,0,0,False,P1,False,P1,13
9200000042,5,2025-05-21T16:11:00.329394,P1,attack,2,1776,desert,stormy,False,100,82,90,18,18,False,P1,True,P1,13
9200000042,6,2025-05-21T16:11:05.329394,P2,attack,6,1453,desert,clear,False,82,95,90,5,5,False,P1,False,P1,13
9200000042,7,2025-05-21T16:11:10.329394,P1,heal,10,1225,volcano,stormy,False,100,82,75,5,0,False,P1,True,P1,13
9200000042,8,2025-05-21T16:11:15.329394,P2,defend,1,1995,volcano,clear,True,82,100,95,0,0,False,P1,False,P1,13
9200000042,9,2025-05-21T16:11:20.329394,P1,attack,8,1709,forest,rainy,True,100,77,65,5,5,False,P1,True,P1,13
9200000042,10,2025-05-21T16:11:25.329394,P2,heal,7,1506,forest,stormy,False,88,100,80,11,0,False,P1,False,P1,13
9200000042,11,2025-05-21T16:11:30.329394,P1,defend,2,1106,forest,foggy,False,100,88,70,0,0,False,P1,True,P1,13
9200000042,12,2025-05-21T16:11:35.329394,P2,defend,6,1744,volcano,stormy,True,88,100,85,0,0,False,P1,False,P1,13
9200000042,13,2025-05-21T16:11:40.329394,P1,attack,1,1507,desert,foggy,True,100,80,60,8,8,False,P1,True,P1,13
